datafile_id,sequencing_id,submitter_id,data_type,data_category,data_format,file_name,file_size,md5sum,file_path,node
Quartet_4family_SA_3_20201104_R1.fastq.gz,sequence_Quartet_4family_SA_3_20201104,Quartet_4family_RNA,Unaligned Reads,RNA-seq,FASTQ,R20059430-20201104-SA-3-20201104-SA-3_combined_R1.fastq.gz,3490565157 ,,oss://pgx-source-data/Quartet_4family_rawdata/Quartet_80sample_rawdata/Sample_R20059430-20201104-SA-3-20201104-SA-3/R20059430-20201104-SA-3-20201104-SA-3_combined_R1.fastq.gz,
Quartet_4family_SA_3_20201104_R2.fastq.gz,sequence_Quartet_4family_SA_3_20201104,Quartet_4family_RNA,Unaligned Reads,RNA-seq,FASTQ,R20059430-20201104-SA-3-20201104-SA-3_combined_R2.fastq.gz,3756467975 ,,oss://pgx-source-data/Quartet_4family_rawdata/Quartet_80sample_rawdata/Sample_R20059430-20201104-SA-3-20201104-SA-3/R20059430-20201104-SA-3-20201104-SA-3_combined_R2.fastq.gz,
Quartet_4family_SA_1_20201104_R1.fastq.gz,sequence_Quartet_4family_SA_1_20201104,Quartet_4family_RNA,Unaligned Reads,RNA-seq,FASTQ,R20059440-20201104-SA-1-20201104-SA-1_combined_R1.fastq.gz,4103856819 ,,oss://pgx-source-data/Quartet_4family_rawdata/Quartet_80sample_rawdata/Sample_R20059440-20201104-SA-1-20201104-SA-1/R20059440-20201104-SA-1-20201104-SA-1_combined_R1.fastq.gz,
Quartet_4family_SA_1_20201104_R2.fastq.gz,sequence_Quartet_4family_SA_1_20201104,Quartet_4family_RNA,Unaligned Reads,RNA-seq,FASTQ,R20059440-20201104-SA-1-20201104-SA-1_combined_R2.fastq.gz,4315119679 ,,oss://pgx-source-data/Quartet_4family_rawdata/Quartet_80sample_rawdata/Sample_R20059440-20201104-SA-1-20201104-SA-1/R20059440-20201104-SA-1-20201104-SA-1_combined_R2.fastq.gz,
Quartet_4family_SA_2_20201104_R1.fastq.gz,sequence_Quartet_4family_SA_2_20201104,Quartet_4family_RNA,Unaligned Reads,RNA-seq,FASTQ,R20059450-20201104-SA-2-20201104-SA-2_combined_R1.fastq.gz,4760101882 ,,oss://pgx-source-data/Quartet_4family_rawdata/Quartet_80sample_rawdata/Sample_R20059450-20201104-SA-2-20201104-SA-2/R20059450-20201104-SA-2-20201104-SA-2_combined_R1.fastq.gz,
Quartet_4family_SA_2_20201104_R2.fastq.gz,sequence_Quartet_4family_SA_2_20201104,Quartet_4family_RNA,Unaligned Reads,RNA-seq,FASTQ,R20059450-20201104-SA-2-20201104-SA-2_combined_R2.fastq.gz,5076414398 ,,oss://pgx-source-data/Quartet_4family_rawdata/Quartet_80sample_rawdata/Sample_R20059450-20201104-SA-2-20201104-SA-2/R20059450-20201104-SA-2-20201104-SA-2_combined_R2.fastq.gz,
Quartet_4family_SB_3_20201104_R1.fastq.gz,sequence_Quartet_4family_SB_3_20201104,Quartet_4family_RNA,Unaligned Reads,RNA-seq,FASTQ,R20059431-20201104-SB-3-20201104-SB-3_combined_R1.fastq.gz,2985732326 ,,oss://pgx-source-data/Quartet_4family_rawdata/Quartet_80sample_rawdata/Sample_R20059431-20201104-SB-3-20201104-SB-3/R20059431-20201104-SB-3-20201104-SB-3_combined_R1.fastq.gz,
Quartet_4family_SB_3_20201104_R2.fastq.gz,sequence_Quartet_4family_SB_3_20201104,Quartet_4family_RNA,Unaligned Reads,RNA-seq,FASTQ,R20059431-20201104-SB-3-20201104-SB-3_combined_R2.fastq.gz,3093695449 ,,oss://pgx-source-data/Quartet_4family_rawdata/Quartet_80sample_rawdata/Sample_R20059431-20201104-SB-3-20201104-SB-3/R20059431-20201104-SB-3-20201104-SB-3_combined_R2.fastq.gz,
Quartet_4family_SB_1_20201104_R1.fastq.gz,sequence_Quartet_4family_SB_1_20201104,Quartet_4family_RNA,Unaligned Reads,RNA-seq,FASTQ,R20059441-20201104-SB-1-20201104-SB-1_combined_R1.fastq.gz,3263135777 ,,oss://pgx-source-data/Quartet_4family_rawdata/Quartet_80sample_rawdata/Sample_R20059441-20201104-SB-1-20201104-SB-1/R20059441-20201104-SB-1-20201104-SB-1_combined_R1.fastq.gz,
Quartet_4family_SB_1_20201104_R2.fastq.gz,sequence_Quartet_4family_SB_1_20201104,Quartet_4family_RNA,Unaligned Reads,RNA-seq,FASTQ,R20059441-20201104-SB-1-20201104-SB-1_combined_R2.fastq.gz,3452295198 ,,oss://pgx-source-data/Quartet_4family_rawdata/Quartet_80sample_rawdata/Sample_R20059441-20201104-SB-1-20201104-SB-1/R20059441-20201104-SB-1-20201104-SB-1_combined_R2.fastq.gz,
Quartet_4family_SB_2_20201104_R1.fastq.gz,sequence_Quartet_4family_SB_2_20201104,Quartet_4family_RNA,Unaligned Reads,RNA-seq,FASTQ,R20059451-20201104-SB-2-20201104-SB-2_combined_R1.fastq.gz,4427094882 ,,oss://pgx-source-data/Quartet_4family_rawdata/Quartet_80sample_rawdata/Sample_R20059451-20201104-SB-2-20201104-SB-2/R20059451-20201104-SB-2-20201104-SB-2_combined_R1.fastq.gz,
Quartet_4family_SB_2_20201104_R2.fastq.gz,sequence_Quartet_4family_SB_2_20201104,Quartet_4family_RNA,Unaligned Reads,RNA-seq,FASTQ,R20059451-20201104-SB-2-20201104-SB-2_combined_R2.fastq.gz,4735013020 ,,oss://pgx-source-data/Quartet_4family_rawdata/Quartet_80sample_rawdata/Sample_R20059451-20201104-SB-2-20201104-SB-2/R20059451-20201104-SB-2-20201104-SB-2_combined_R2.fastq.gz,
FDUVAZ_FV1_5_SampleA_1_20210508_R1.fastq.gz,sequence_FDUVAZ_FV1_5_SampleA_1_20210508,VAZ_FDU_Join_Project,Unaligned Reads,RNA-seq,FASTQ,R21039948-FV1-5-SampleA-1_combined_R1.fastq.gz,4097621206 ,,oss://pgx-source-data/Quartet_VAZ_FDU_Joint_Project/RNA-Seq/Project_s187g01115_180Samples_20210508/Sample_R21039948-FV1-5-SampleA-1/R21039948-FV1-5-SampleA-1_combined_R1.fastq.gz,
FDUVAZ_FV1_5_SampleA_1_20210508_R2.fastq.gz,sequence_FDUVAZ_FV1_5_SampleA_1_20210508,VAZ_FDU_Join_Project,Unaligned Reads,RNA-seq,FASTQ,R21039948-FV1-5-SampleA-1_combined_R2.fastq.gz,4275942606 ,,oss://pgx-source-data/Quartet_VAZ_FDU_Joint_Project/RNA-Seq/Project_s187g01115_180Samples_20210508/Sample_R21039948-FV1-5-SampleA-1/R21039948-FV1-5-SampleA-1_combined_R2.fastq.gz,
FDUVAZ_FV1_11_SampleA_2_20210508_R1.fastq.gz,sequence_FDUVAZ_FV1_11_SampleA_2_20210508,VAZ_FDU_Join_Project,Unaligned Reads,RNA-seq,FASTQ,R21039954-FV1-11-SampleA-2_combined_R1.fastq.gz,3344931632 ,,oss://pgx-source-data/Quartet_VAZ_FDU_Joint_Project/RNA-Seq/Project_s187g01115_180Samples_20210508/Sample_R21039954-FV1-11-SampleA-2/R21039954-FV1-11-SampleA-2_combined_R1.fastq.gz,
FDUVAZ_FV1_11_SampleA_2_20210508_R2.fastq.gz,sequence_FDUVAZ_FV1_11_SampleA_2_20210508,VAZ_FDU_Join_Project,Unaligned Reads,RNA-seq,FASTQ,R21039954-FV1-11-SampleA-2_combined_R2.fastq.gz,3499192172 ,,oss://pgx-source-data/Quartet_VAZ_FDU_Joint_Project/RNA-Seq/Project_s187g01115_180Samples_20210508/Sample_R21039954-FV1-11-SampleA-2/R21039954-FV1-11-SampleA-2_combined_R2.fastq.gz,
FDUVAZ_FV1_17_SampleA_3_20210508_R1.fastq.gz,sequence_FDUVAZ_FV1_17_SampleA_3_20210508,VAZ_FDU_Join_Project,Unaligned Reads,RNA-seq,FASTQ,R21039960-FV1-17-SampleA-3_combined_R1.fastq.gz,3371120015 ,,oss://pgx-source-data/Quartet_VAZ_FDU_Joint_Project/RNA-Seq/Project_s187g01115_180Samples_20210508/Sample_R21039960-FV1-17-SampleA-3/R21039960-FV1-17-SampleA-3_combined_R1.fastq.gz,
FDUVAZ_FV1_17_SampleA_3_20210508_R2.fastq.gz,sequence_FDUVAZ_FV1_17_SampleA_3_20210508,VAZ_FDU_Join_Project,Unaligned Reads,RNA-seq,FASTQ,R21039960-FV1-17-SampleA-3_combined_R2.fastq.gz,3522841036 ,,oss://pgx-source-data/Quartet_VAZ_FDU_Joint_Project/RNA-Seq/Project_s187g01115_180Samples_20210508/Sample_R21039960-FV1-17-SampleA-3/R21039960-FV1-17-SampleA-3_combined_R2.fastq.gz,
FDUVAZ_FV2_5_SampleA_1_20210508_R1.fastq.gz,sequence_FDUVAZ_FV2_5_SampleA_1_20210508,VAZ_FDU_Join_Project,Unaligned Reads,RNA-seq,FASTQ,R21039967-FV2-5-SampleA-1_combined_R1.fastq.gz,2790481361 ,,oss://pgx-source-data/Quartet_VAZ_FDU_Joint_Project/RNA-Seq/Project_s187g01115_180Samples_20210508/Sample_R21039967-FV2-5-SampleA-1/R21039967-FV2-5-SampleA-1_combined_R1.fastq.gz,
FDUVAZ_FV2_5_SampleA_1_20210508_R2.fastq.gz,sequence_FDUVAZ_FV2_5_SampleA_1_20210508,VAZ_FDU_Join_Project,Unaligned Reads,RNA-seq,FASTQ,R21039967-FV2-5-SampleA-1_combined_R2.fastq.gz,2904004515 ,,oss://pgx-source-data/Quartet_VAZ_FDU_Joint_Project/RNA-Seq/Project_s187g01115_180Samples_20210508/Sample_R21039967-FV2-5-SampleA-1/R21039967-FV2-5-SampleA-1_combined_R2.fastq.gz,
FDUVAZ_FV2_11_SampleA_2_20210508_R1.fastq.gz,sequence_FDUVAZ_FV2_11_SampleA_2_20210508,VAZ_FDU_Join_Project,Unaligned Reads,RNA-seq,FASTQ,R21039973-FV2-11-SampleA-2_combined_R1.fastq.gz,3124799304 ,,oss://pgx-source-data/Quartet_VAZ_FDU_Joint_Project/RNA-Seq/Project_s187g01115_180Samples_20210508/Sample_R21039973-FV2-11-SampleA-2/R21039973-FV2-11-SampleA-2_combined_R1.fastq.gz,
FDUVAZ_FV2_11_SampleA_2_20210508_R2.fastq.gz,sequence_FDUVAZ_FV2_11_SampleA_2_20210508,VAZ_FDU_Join_Project,Unaligned Reads,RNA-seq,FASTQ,R21039973-FV2-11-SampleA-2_combined_R2.fastq.gz,3373855592 ,,oss://pgx-source-data/Quartet_VAZ_FDU_Joint_Project/RNA-Seq/Project_s187g01115_180Samples_20210508/Sample_R21039973-FV2-11-SampleA-2/R21039973-FV2-11-SampleA-2_combined_R2.fastq.gz,
FDUVAZ_FV2_17_SampleA_3_20210508_R1.fastq.gz,sequence_FDUVAZ_FV2_17_SampleA_3_20210508,VAZ_FDU_Join_Project,Unaligned Reads,RNA-seq,FASTQ,R21039979-FV2-17-SampleA-3_combined_R1.fastq.gz,3259431806 ,,oss://pgx-source-data/Quartet_VAZ_FDU_Joint_Project/RNA-Seq/Project_s187g01115_180Samples_20210508/Sample_R21039979-FV2-17-SampleA-3/R21039979-FV2-17-SampleA-3_combined_R1.fastq.gz,
FDUVAZ_FV2_17_SampleA_3_20210508_R2.fastq.gz,sequence_FDUVAZ_FV2_17_SampleA_3_20210508,VAZ_FDU_Join_Project,Unaligned Reads,RNA-seq,FASTQ,R21039979-FV2-17-SampleA-3_combined_R2.fastq.gz,3596913620 ,,oss://pgx-source-data/Quartet_VAZ_FDU_Joint_Project/RNA-Seq/Project_s187g01115_180Samples_20210508/Sample_R21039979-FV2-17-SampleA-3/R21039979-FV2-17-SampleA-3_combined_R2.fastq.gz,
FDUVAZ_FV3_5_SampleA_1_20210508_R1.fastq.gz,sequence_FDUVAZ_FV3_5_SampleA_1_20210508,VAZ_FDU_Join_Project,Unaligned Reads,RNA-seq,FASTQ,R21039986-FV3-5-SampleA-1_combined_R1.fastq.gz,3032597980 ,,oss://pgx-source-data/Quartet_VAZ_FDU_Joint_Project/RNA-Seq/Project_s187g01115_180Samples_20210508/Sample_R21039986-FV3-5-SampleA-1/R21039986-FV3-5-SampleA-1_combined_R1.fastq.gz,
FDUVAZ_FV3_5_SampleA_1_20210508_R2.fastq.gz,sequence_FDUVAZ_FV3_5_SampleA_1_20210508,VAZ_FDU_Join_Project,Unaligned Reads,RNA-seq,FASTQ,R21039986-FV3-5-SampleA-1_combined_R2.fastq.gz,3214845223 ,,oss://pgx-source-data/Quartet_VAZ_FDU_Joint_Project/RNA-Seq/Project_s187g01115_180Samples_20210508/Sample_R21039986-FV3-5-SampleA-1/R21039986-FV3-5-SampleA-1_combined_R2.fastq.gz,
FDUVAZ_FV3_11_SampleA_2_20210508_R1.fastq.gz,sequence_FDUVAZ_FV3_11_SampleA_2_20210508,VAZ_FDU_Join_Project,Unaligned Reads,RNA-seq,FASTQ,R21039992-FV3-11-SampleA-2_combined_R1.fastq.gz,3676424690 ,,oss://pgx-source-data/Quartet_VAZ_FDU_Joint_Project/RNA-Seq/Project_s187g01115_180Samples_20210508/Sample_R21039992-FV3-11-SampleA-2/R21039992-FV3-11-SampleA-2_combined_R1.fastq.gz,
FDUVAZ_FV3_11_SampleA_2_20210508_R2.fastq.gz,sequence_FDUVAZ_FV3_11_SampleA_2_20210508,VAZ_FDU_Join_Project,Unaligned Reads,RNA-seq,FASTQ,R21039992-FV3-11-SampleA-2_combined_R2.fastq.gz,3904394963 ,,oss://pgx-source-data/Quartet_VAZ_FDU_Joint_Project/RNA-Seq/Project_s187g01115_180Samples_20210508/Sample_R21039992-FV3-11-SampleA-2/R21039992-FV3-11-SampleA-2_combined_R2.fastq.gz,
FDUVAZ_FV3_17_SampleA_3_20210508_R1.fastq.gz,sequence_FDUVAZ_FV3_17_SampleA_3_20210508,VAZ_FDU_Join_Project,Unaligned Reads,RNA-seq,FASTQ,R21039998-FV3-17-SampleA-3_combined_R1.fastq.gz,2959374501 ,,oss://pgx-source-data/Quartet_VAZ_FDU_Joint_Project/RNA-Seq/Project_s187g01115_180Samples_20210508/Sample_R21039998-FV3-17-SampleA-3/R21039998-FV3-17-SampleA-3_combined_R1.fastq.gz,
FDUVAZ_FV3_17_SampleA_3_20210508_R2.fastq.gz,sequence_FDUVAZ_FV3_17_SampleA_3_20210508,VAZ_FDU_Join_Project,Unaligned Reads,RNA-seq,FASTQ,R21039998-FV3-17-SampleA-3_combined_R2.fastq.gz,3167560515 ,,oss://pgx-source-data/Quartet_VAZ_FDU_Joint_Project/RNA-Seq/Project_s187g01115_180Samples_20210508/Sample_R21039998-FV3-17-SampleA-3/R21039998-FV3-17-SampleA-3_combined_R2.fastq.gz,
FDUVAZ_FV4_5_SampleA_1_20210508_R1.fastq.gz,sequence_FDUVAZ_FV4_5_SampleA_1_20210508,VAZ_FDU_Join_Project,Unaligned Reads,RNA-seq,FASTQ,R21040005-FV4-5-SampleA-1_combined_R1.fastq.gz,3380052778 ,,oss://pgx-source-data/Quartet_VAZ_FDU_Joint_Project/RNA-Seq/Project_s187g01115_180Samples_20210508/Sample_R21040005-FV4-5-SampleA-1/R21040005-FV4-5-SampleA-1_combined_R1.fastq.gz,
FDUVAZ_FV4_5_SampleA_1_20210508_R2.fastq.gz,sequence_FDUVAZ_FV4_5_SampleA_1_20210508,VAZ_FDU_Join_Project,Unaligned Reads,RNA-seq,FASTQ,R21040005-FV4-5-SampleA-1_combined_R2.fastq.gz,3539888547 ,,oss://pgx-source-data/Quartet_VAZ_FDU_Joint_Project/RNA-Seq/Project_s187g01115_180Samples_20210508/Sample_R21040005-FV4-5-SampleA-1/R21040005-FV4-5-SampleA-1_combined_R2.fastq.gz,
FDUVAZ_FV4_11_SampleA_2_20210508_R1.fastq.gz,sequence_FDUVAZ_FV4_11_SampleA_2_20210508,VAZ_FDU_Join_Project,Unaligned Reads,RNA-seq,FASTQ,R21040011-FV4-11-SampleA-2_combined_R1.fastq.gz,3023500582 ,,oss://pgx-source-data/Quartet_VAZ_FDU_Joint_Project/RNA-Seq/Project_s187g01115_180Samples_20210508/Sample_R21040011-FV4-11-SampleA-2/R21040011-FV4-11-SampleA-2_combined_R1.fastq.gz,
FDUVAZ_FV4_11_SampleA_2_20210508_R2.fastq.gz,sequence_FDUVAZ_FV4_11_SampleA_2_20210508,VAZ_FDU_Join_Project,Unaligned Reads,RNA-seq,FASTQ,R21040011-FV4-11-SampleA-2_combined_R2.fastq.gz,3190741603 ,,oss://pgx-source-data/Quartet_VAZ_FDU_Joint_Project/RNA-Seq/Project_s187g01115_180Samples_20210508/Sample_R21040011-FV4-11-SampleA-2/R21040011-FV4-11-SampleA-2_combined_R2.fastq.gz,
FDUVAZ_FV4_17_SampleA_3_20210508_R1.fastq.gz,sequence_FDUVAZ_FV4_17_SampleA_3_20210508,VAZ_FDU_Join_Project,Unaligned Reads,RNA-seq,FASTQ,R21040017-FV4-17-SampleA-3_combined_R1.fastq.gz,2965581430 ,,oss://pgx-source-data/Quartet_VAZ_FDU_Joint_Project/RNA-Seq/Project_s187g01115_180Samples_20210508/Sample_R21040017-FV4-17-SampleA-3/R21040017-FV4-17-SampleA-3_combined_R1.fastq.gz,
FDUVAZ_FV4_17_SampleA_3_20210508_R2.fastq.gz,sequence_FDUVAZ_FV4_17_SampleA_3_20210508,VAZ_FDU_Join_Project,Unaligned Reads,RNA-seq,FASTQ,R21040017-FV4-17-SampleA-3_combined_R2.fastq.gz,3114598065 ,,oss://pgx-source-data/Quartet_VAZ_FDU_Joint_Project/RNA-Seq/Project_s187g01115_180Samples_20210508/Sample_R21040017-FV4-17-SampleA-3/R21040017-FV4-17-SampleA-3_combined_R2.fastq.gz,
FDUVAZ_FV5_5_SampleA_1_20210508_R1.fastq.gz,sequence_FDUVAZ_FV5_5_SampleA_1_20210508,VAZ_FDU_Join_Project,Unaligned Reads,RNA-seq,FASTQ,R21040024-FV5-5-SampleA-1_combined_R1.fastq.gz,3323309395 ,,oss://pgx-source-data/Quartet_VAZ_FDU_Joint_Project/RNA-Seq/Project_s187g01115_180Samples_20210508/Sample_R21040024-FV5-5-SampleA-1/R21040024-FV5-5-SampleA-1_combined_R1.fastq.gz,
FDUVAZ_FV5_5_SampleA_1_20210508_R2.fastq.gz,sequence_FDUVAZ_FV5_5_SampleA_1_20210508,VAZ_FDU_Join_Project,Unaligned Reads,RNA-seq,FASTQ,R21040024-FV5-5-SampleA-1_combined_R2.fastq.gz,3538715223 ,,oss://pgx-source-data/Quartet_VAZ_FDU_Joint_Project/RNA-Seq/Project_s187g01115_180Samples_20210508/Sample_R21040024-FV5-5-SampleA-1/R21040024-FV5-5-SampleA-1_combined_R2.fastq.gz,
FDUVAZ_FV5_11_SampleA_2_20210508_R1.fastq.gz,sequence_FDUVAZ_FV5_11_SampleA_2_20210508,VAZ_FDU_Join_Project,Unaligned Reads,RNA-seq,FASTQ,R21040030-FV5-11-SampleA-2_combined_R1.fastq.gz,2808969559 ,,oss://pgx-source-data/Quartet_VAZ_FDU_Joint_Project/RNA-Seq/Project_s187g01115_180Samples_20210508/Sample_R21040030-FV5-11-SampleA-2/R21040030-FV5-11-SampleA-2_combined_R1.fastq.gz,
FDUVAZ_FV5_11_SampleA_2_20210508_R2.fastq.gz,sequence_FDUVAZ_FV5_11_SampleA_2_20210508,VAZ_FDU_Join_Project,Unaligned Reads,RNA-seq,FASTQ,R21040030-FV5-11-SampleA-2_combined_R2.fastq.gz,2944998504 ,,oss://pgx-source-data/Quartet_VAZ_FDU_Joint_Project/RNA-Seq/Project_s187g01115_180Samples_20210508/Sample_R21040030-FV5-11-SampleA-2/R21040030-FV5-11-SampleA-2_combined_R2.fastq.gz,
FDUVAZ_FV5_17_SampleA_3_20210508_R1.fastq.gz,sequence_FDUVAZ_FV5_17_SampleA_3_20210508,VAZ_FDU_Join_Project,Unaligned Reads,RNA-seq,FASTQ,R21040036-FV5-17-SampleA-3_combined_R1.fastq.gz,2802608439 ,,oss://pgx-source-data/Quartet_VAZ_FDU_Joint_Project/RNA-Seq/Project_s187g01115_180Samples_20210508/Sample_R21040036-FV5-17-SampleA-3/R21040036-FV5-17-SampleA-3_combined_R1.fastq.gz,
FDUVAZ_FV5_17_SampleA_3_20210508_R2.fastq.gz,sequence_FDUVAZ_FV5_17_SampleA_3_20210508,VAZ_FDU_Join_Project,Unaligned Reads,RNA-seq,FASTQ,R21040036-FV5-17-SampleA-3_combined_R2.fastq.gz,2951268711 ,,oss://pgx-source-data/Quartet_VAZ_FDU_Joint_Project/RNA-Seq/Project_s187g01115_180Samples_20210508/Sample_R21040036-FV5-17-SampleA-3/R21040036-FV5-17-SampleA-3_combined_R2.fastq.gz,
FDUVAZ_VF1_5_SampleA_1_20210508_R1.fastq.gz,sequence_FDUVAZ_VF1_5_SampleA_1_20210508,VAZ_FDU_Join_Project,Unaligned Reads,RNA-seq,FASTQ,R21040043-VF1-5-SampleA-1_combined_R1.fastq.gz,3401561184 ,,oss://pgx-source-data/Quartet_VAZ_FDU_Joint_Project/RNA-Seq/Project_s187g01115_180Samples_20210508/Sample_R21040043-VF1-5-SampleA-1/R21040043-VF1-5-SampleA-1_combined_R1.fastq.gz,
FDUVAZ_VF1_5_SampleA_1_20210508_R2.fastq.gz,sequence_FDUVAZ_VF1_5_SampleA_1_20210508,VAZ_FDU_Join_Project,Unaligned Reads,RNA-seq,FASTQ,R21040043-VF1-5-SampleA-1_combined_R2.fastq.gz,3537145267 ,,oss://pgx-source-data/Quartet_VAZ_FDU_Joint_Project/RNA-Seq/Project_s187g01115_180Samples_20210508/Sample_R21040043-VF1-5-SampleA-1/R21040043-VF1-5-SampleA-1_combined_R2.fastq.gz,
FDUVAZ_VF1_11_SampleA_2_20210508_R1.fastq.gz,sequence_FDUVAZ_VF1_11_SampleA_2_20210508,VAZ_FDU_Join_Project,Unaligned Reads,RNA-seq,FASTQ,R21040049-VF1-11-SampleA-2_combined_R1.fastq.gz,2732141839 ,,oss://pgx-source-data/Quartet_VAZ_FDU_Joint_Project/RNA-Seq/Project_s187g01115_180Samples_20210508/Sample_R21040049-VF1-11-SampleA-2/R21040049-VF1-11-SampleA-2_combined_R1.fastq.gz,
FDUVAZ_VF1_11_SampleA_2_20210508_R2.fastq.gz,sequence_FDUVAZ_VF1_11_SampleA_2_20210508,VAZ_FDU_Join_Project,Unaligned Reads,RNA-seq,FASTQ,R21040049-VF1-11-SampleA-2_combined_R2.fastq.gz,2844423953 ,,oss://pgx-source-data/Quartet_VAZ_FDU_Joint_Project/RNA-Seq/Project_s187g01115_180Samples_20210508/Sample_R21040049-VF1-11-SampleA-2/R21040049-VF1-11-SampleA-2_combined_R2.fastq.gz,
FDUVAZ_VF1_17_SampleA_3_20210508_R1.fastq.gz,sequence_FDUVAZ_VF1_17_SampleA_3_20210508,VAZ_FDU_Join_Project,Unaligned Reads,RNA-seq,FASTQ,R21040055-VF1-17-SampleA-3_combined_R1.fastq.gz,2617976634 ,,oss://pgx-source-data/Quartet_VAZ_FDU_Joint_Project/RNA-Seq/Project_s187g01115_180Samples_20210508/Sample_R21040055-VF1-17-SampleA-3/R21040055-VF1-17-SampleA-3_combined_R1.fastq.gz,
FDUVAZ_VF1_17_SampleA_3_20210508_R2.fastq.gz,sequence_FDUVAZ_VF1_17_SampleA_3_20210508,VAZ_FDU_Join_Project,Unaligned Reads,RNA-seq,FASTQ,R21040055-VF1-17-SampleA-3_combined_R2.fastq.gz,2731126647 ,,oss://pgx-source-data/Quartet_VAZ_FDU_Joint_Project/RNA-Seq/Project_s187g01115_180Samples_20210508/Sample_R21040055-VF1-17-SampleA-3/R21040055-VF1-17-SampleA-3_combined_R2.fastq.gz,
FDUVAZ_VF2_5_SampleA_1_20210508_R1.fastq.gz,sequence_FDUVAZ_VF2_5_SampleA_1_20210508,VAZ_FDU_Join_Project,Unaligned Reads,RNA-seq,FASTQ,R21040062-VF2-5-SampleA-1_combined_R1.fastq.gz,2647978593 ,,oss://pgx-source-data/Quartet_VAZ_FDU_Joint_Project/RNA-Seq/Project_s187g01115_180Samples_20210508/Sample_R21040062-VF2-5-SampleA-1/R21040062-VF2-5-SampleA-1_combined_R1.fastq.gz,
FDUVAZ_VF2_5_SampleA_1_20210508_R2.fastq.gz,sequence_FDUVAZ_VF2_5_SampleA_1_20210508,VAZ_FDU_Join_Project,Unaligned Reads,RNA-seq,FASTQ,R21040062-VF2-5-SampleA-1_combined_R2.fastq.gz,2750541876 ,,oss://pgx-source-data/Quartet_VAZ_FDU_Joint_Project/RNA-Seq/Project_s187g01115_180Samples_20210508/Sample_R21040062-VF2-5-SampleA-1/R21040062-VF2-5-SampleA-1_combined_R2.fastq.gz,
FDUVAZ_VF2_11_SampleA_2_20210508_R1.fastq.gz,sequence_FDUVAZ_VF2_11_SampleA_2_20210508,VAZ_FDU_Join_Project,Unaligned Reads,RNA-seq,FASTQ,R21040068-VF2-11-SampleA-2_combined_R1.fastq.gz,2960644174 ,,oss://pgx-source-data/Quartet_VAZ_FDU_Joint_Project/RNA-Seq/Project_s187g01115_180Samples_20210508/Sample_R21040068-VF2-11-SampleA-2/R21040068-VF2-11-SampleA-2_combined_R1.fastq.gz,
FDUVAZ_VF2_11_SampleA_2_20210508_R2.fastq.gz,sequence_FDUVAZ_VF2_11_SampleA_2_20210508,VAZ_FDU_Join_Project,Unaligned Reads,RNA-seq,FASTQ,R21040068-VF2-11-SampleA-2_combined_R2.fastq.gz,3078517311 ,,oss://pgx-source-data/Quartet_VAZ_FDU_Joint_Project/RNA-Seq/Project_s187g01115_180Samples_20210508/Sample_R21040068-VF2-11-SampleA-2/R21040068-VF2-11-SampleA-2_combined_R2.fastq.gz,
FDUVAZ_VF2_17_SampleA_3_20210508_R1.fastq.gz,sequence_FDUVAZ_VF2_17_SampleA_3_20210508,VAZ_FDU_Join_Project,Unaligned Reads,RNA-seq,FASTQ,R21040074-VF2-17-SampleA-3_combined_R1.fastq.gz,3389743745 ,,oss://pgx-source-data/Quartet_VAZ_FDU_Joint_Project/RNA-Seq/Project_s187g01115_180Samples_20210508/Sample_R21040074-VF2-17-SampleA-3/R21040074-VF2-17-SampleA-3_combined_R1.fastq.gz,
FDUVAZ_VF2_17_SampleA_3_20210508_R2.fastq.gz,sequence_FDUVAZ_VF2_17_SampleA_3_20210508,VAZ_FDU_Join_Project,Unaligned Reads,RNA-seq,FASTQ,R21040074-VF2-17-SampleA-3_combined_R2.fastq.gz,3564249009 ,,oss://pgx-source-data/Quartet_VAZ_FDU_Joint_Project/RNA-Seq/Project_s187g01115_180Samples_20210508/Sample_R21040074-VF2-17-SampleA-3/R21040074-VF2-17-SampleA-3_combined_R2.fastq.gz,
FDUVAZ_VF3_5_SampleA_1_20210508_R1.fastq.gz,sequence_FDUVAZ_VF3_5_SampleA_1_20210508,VAZ_FDU_Join_Project,Unaligned Reads,RNA-seq,FASTQ,R21040081-VF3-5-SampleA-1_combined_R1.fastq.gz,3129787143 ,,oss://pgx-source-data/Quartet_VAZ_FDU_Joint_Project/RNA-Seq/Project_s187g01115_180Samples_20210508/Sample_R21040081-VF3-5-SampleA-1/R21040081-VF3-5-SampleA-1_combined_R1.fastq.gz,
FDUVAZ_VF3_5_SampleA_1_20210508_R2.fastq.gz,sequence_FDUVAZ_VF3_5_SampleA_1_20210508,VAZ_FDU_Join_Project,Unaligned Reads,RNA-seq,FASTQ,R21040081-VF3-5-SampleA-1_combined_R2.fastq.gz,3278183260 ,,oss://pgx-source-data/Quartet_VAZ_FDU_Joint_Project/RNA-Seq/Project_s187g01115_180Samples_20210508/Sample_R21040081-VF3-5-SampleA-1/R21040081-VF3-5-SampleA-1_combined_R2.fastq.gz,
FDUVAZ_VF3_11_SampleA_2_20210508_R1.fastq.gz,sequence_FDUVAZ_VF3_11_SampleA_2_20210508,VAZ_FDU_Join_Project,Unaligned Reads,RNA-seq,FASTQ,R21040087-VF3-11-SampleA-2_combined_R1.fastq.gz,4290687577 ,,oss://pgx-source-data/Quartet_VAZ_FDU_Joint_Project/RNA-Seq/Project_s187g01115_180Samples_20210508/Sample_R21040087-VF3-11-SampleA-2/R21040087-VF3-11-SampleA-2_combined_R1.fastq.gz,
FDUVAZ_VF3_11_SampleA_2_20210508_R2.fastq.gz,sequence_FDUVAZ_VF3_11_SampleA_2_20210508,VAZ_FDU_Join_Project,Unaligned Reads,RNA-seq,FASTQ,R21040087-VF3-11-SampleA-2_combined_R2.fastq.gz,4495969631 ,,oss://pgx-source-data/Quartet_VAZ_FDU_Joint_Project/RNA-Seq/Project_s187g01115_180Samples_20210508/Sample_R21040087-VF3-11-SampleA-2/R21040087-VF3-11-SampleA-2_combined_R2.fastq.gz,
FDUVAZ_VF3_17_SampleA_3_20210508_R1.fastq.gz,sequence_FDUVAZ_VF3_17_SampleA_3_20210508,VAZ_FDU_Join_Project,Unaligned Reads,RNA-seq,FASTQ,R21040093-VF3-17-SampleA-3_combined_R1.fastq.gz,3988175876 ,,oss://pgx-source-data/Quartet_VAZ_FDU_Joint_Project/RNA-Seq/Project_s187g01115_180Samples_20210508/Sample_R21040093-VF3-17-SampleA-3/R21040093-VF3-17-SampleA-3_combined_R1.fastq.gz,
FDUVAZ_VF3_17_SampleA_3_20210508_R2.fastq.gz,sequence_FDUVAZ_VF3_17_SampleA_3_20210508,VAZ_FDU_Join_Project,Unaligned Reads,RNA-seq,FASTQ,R21040093-VF3-17-SampleA-3_combined_R2.fastq.gz,4196165738 ,,oss://pgx-source-data/Quartet_VAZ_FDU_Joint_Project/RNA-Seq/Project_s187g01115_180Samples_20210508/Sample_R21040093-VF3-17-SampleA-3/R21040093-VF3-17-SampleA-3_combined_R2.fastq.gz,
FDUVAZ_VF4_5_SampleA_1_20210508_R1.fastq.gz,sequence_FDUVAZ_VF4_5_SampleA_1_20210508,VAZ_FDU_Join_Project,Unaligned Reads,RNA-seq,FASTQ,R21040100-VF4-5-SampleA-1_combined_R1.fastq.gz,3018714808 ,,oss://pgx-source-data/Quartet_VAZ_FDU_Joint_Project/RNA-Seq/Project_s187g01115_180Samples_20210508/Sample_R21040100-VF4-5-SampleA-1/R21040100-VF4-5-SampleA-1_combined_R1.fastq.gz,
FDUVAZ_VF4_5_SampleA_1_20210508_R2.fastq.gz,sequence_FDUVAZ_VF4_5_SampleA_1_20210508,VAZ_FDU_Join_Project,Unaligned Reads,RNA-seq,FASTQ,R21040100-VF4-5-SampleA-1_combined_R2.fastq.gz,3163285246 ,,oss://pgx-source-data/Quartet_VAZ_FDU_Joint_Project/RNA-Seq/Project_s187g01115_180Samples_20210508/Sample_R21040100-VF4-5-SampleA-1/R21040100-VF4-5-SampleA-1_combined_R2.fastq.gz,
FDUVAZ_VF4_11_SampleA_2_20210508_R1.fastq.gz,sequence_FDUVAZ_VF4_11_SampleA_2_20210508,VAZ_FDU_Join_Project,Unaligned Reads,RNA-seq,FASTQ,R21040106-VF4-11-SampleA-2_combined_R1.fastq.gz,2945451514 ,,oss://pgx-source-data/Quartet_VAZ_FDU_Joint_Project/RNA-Seq/Project_s187g01115_180Samples_20210508/Sample_R21040106-VF4-11-SampleA-2/R21040106-VF4-11-SampleA-2_combined_R1.fastq.gz,
FDUVAZ_VF4_11_SampleA_2_20210508_R2.fastq.gz,sequence_FDUVAZ_VF4_11_SampleA_2_20210508,VAZ_FDU_Join_Project,Unaligned Reads,RNA-seq,FASTQ,R21040106-VF4-11-SampleA-2_combined_R2.fastq.gz,3097173049 ,,oss://pgx-source-data/Quartet_VAZ_FDU_Joint_Project/RNA-Seq/Project_s187g01115_180Samples_20210508/Sample_R21040106-VF4-11-SampleA-2/R21040106-VF4-11-SampleA-2_combined_R2.fastq.gz,
FDUVAZ_VF4_17_SampleA_3_20210508_R1.fastq.gz,sequence_FDUVAZ_VF4_17_SampleA_3_20210508,VAZ_FDU_Join_Project,Unaligned Reads,RNA-seq,FASTQ,R21040112-VF4-17-SampleA-3_combined_R1.fastq.gz,2697685753 ,,oss://pgx-source-data/Quartet_VAZ_FDU_Joint_Project/RNA-Seq/Project_s187g01115_180Samples_20210508/Sample_R21040112-VF4-17-SampleA-3/R21040112-VF4-17-SampleA-3_combined_R1.fastq.gz,
FDUVAZ_VF4_17_SampleA_3_20210508_R2.fastq.gz,sequence_FDUVAZ_VF4_17_SampleA_3_20210508,VAZ_FDU_Join_Project,Unaligned Reads,RNA-seq,FASTQ,R21040112-VF4-17-SampleA-3_combined_R2.fastq.gz,2829228293 ,,oss://pgx-source-data/Quartet_VAZ_FDU_Joint_Project/RNA-Seq/Project_s187g01115_180Samples_20210508/Sample_R21040112-VF4-17-SampleA-3/R21040112-VF4-17-SampleA-3_combined_R2.fastq.gz,
FDUVAZ_VF5_5_SampleA_1_20210508_R1.fastq.gz,sequence_FDUVAZ_VF5_5_SampleA_1_20210508,VAZ_FDU_Join_Project,Unaligned Reads,RNA-seq,FASTQ,R21040119-VF5-5-SampleA-1_combined_R1.fastq.gz,3018536520 ,,oss://pgx-source-data/Quartet_VAZ_FDU_Joint_Project/RNA-Seq/Project_s187g01115_180Samples_20210508/Sample_R21040119-VF5-5-SampleA-1/R21040119-VF5-5-SampleA-1_combined_R1.fastq.gz,
FDUVAZ_VF5_5_SampleA_1_20210508_R2.fastq.gz,sequence_FDUVAZ_VF5_5_SampleA_1_20210508,VAZ_FDU_Join_Project,Unaligned Reads,RNA-seq,FASTQ,R21040119-VF5-5-SampleA-1_combined_R2.fastq.gz,3134975316 ,,oss://pgx-source-data/Quartet_VAZ_FDU_Joint_Project/RNA-Seq/Project_s187g01115_180Samples_20210508/Sample_R21040119-VF5-5-SampleA-1/R21040119-VF5-5-SampleA-1_combined_R2.fastq.gz,
FDUVAZ_VF5_11_SampleA_2_20210508_R1.fastq.gz,sequence_FDUVAZ_VF5_11_SampleA_2_20210508,VAZ_FDU_Join_Project,Unaligned Reads,RNA-seq,FASTQ,R21040125-VF5-11-SampleA-2_combined_R1.fastq.gz,3098231280 ,,oss://pgx-source-data/Quartet_VAZ_FDU_Joint_Project/RNA-Seq/Project_s187g01115_180Samples_20210508/Sample_R21040125-VF5-11-SampleA-2/R21040125-VF5-11-SampleA-2_combined_R1.fastq.gz,
FDUVAZ_VF5_11_SampleA_2_20210508_R2.fastq.gz,sequence_FDUVAZ_VF5_11_SampleA_2_20210508,VAZ_FDU_Join_Project,Unaligned Reads,RNA-seq,FASTQ,R21040125-VF5-11-SampleA-2_combined_R2.fastq.gz,3236949351 ,,oss://pgx-source-data/Quartet_VAZ_FDU_Joint_Project/RNA-Seq/Project_s187g01115_180Samples_20210508/Sample_R21040125-VF5-11-SampleA-2/R21040125-VF5-11-SampleA-2_combined_R2.fastq.gz,
FDUVAZ_VF5_17_SampleA_3_20210508_R1.fastq.gz,sequence_FDUVAZ_VF5_17_SampleA_3_20210508,VAZ_FDU_Join_Project,Unaligned Reads,RNA-seq,FASTQ,R21040131-VF5-17-SampleA-3_combined_R1.fastq.gz,2630540687 ,,oss://pgx-source-data/Quartet_VAZ_FDU_Joint_Project/RNA-Seq/Project_s187g01115_180Samples_20210508/Sample_R21040131-VF5-17-SampleA-3/R21040131-VF5-17-SampleA-3_combined_R1.fastq.gz,
FDUVAZ_VF5_17_SampleA_3_20210508_R2.fastq.gz,sequence_FDUVAZ_VF5_17_SampleA_3_20210508,VAZ_FDU_Join_Project,Unaligned Reads,RNA-seq,FASTQ,R21040131-VF5-17-SampleA-3_combined_R2.fastq.gz,2765983356 ,,oss://pgx-source-data/Quartet_VAZ_FDU_Joint_Project/RNA-Seq/Project_s187g01115_180Samples_20210508/Sample_R21040131-VF5-17-SampleA-3/R21040131-VF5-17-SampleA-3_combined_R2.fastq.gz,
FDUVAZ_FV1_6_SampleB_1_20210508_R1.fastq.gz,sequence_FDUVAZ_FV1_6_SampleB_1_20210508,VAZ_FDU_Join_Project,Unaligned Reads,RNA-seq,FASTQ,R21039949-FV1-6-SampleB-1_combined_R1.fastq.gz,3714396904 ,,oss://pgx-source-data/Quartet_VAZ_FDU_Joint_Project/RNA-Seq/Project_s187g01115_180Samples_20210508/Sample_R21039949-FV1-6-SampleB-1/R21039949-FV1-6-SampleB-1_combined_R1.fastq.gz,
FDUVAZ_FV1_6_SampleB_1_20210508_R2.fastq.gz,sequence_FDUVAZ_FV1_6_SampleB_1_20210508,VAZ_FDU_Join_Project,Unaligned Reads,RNA-seq,FASTQ,R21039949-FV1-6-SampleB-1_combined_R2.fastq.gz,3857105412 ,,oss://pgx-source-data/Quartet_VAZ_FDU_Joint_Project/RNA-Seq/Project_s187g01115_180Samples_20210508/Sample_R21039949-FV1-6-SampleB-1/R21039949-FV1-6-SampleB-1_combined_R2.fastq.gz,
FDUVAZ_FV1_12_SampleB_2_20210508_R1.fastq.gz,sequence_FDUVAZ_FV1_12_SampleB_2_20210508,VAZ_FDU_Join_Project,Unaligned Reads,RNA-seq,FASTQ,R21039955-FV1-12-SampleB-2_combined_R1.fastq.gz,3444475052 ,,oss://pgx-source-data/Quartet_VAZ_FDU_Joint_Project/RNA-Seq/Project_s187g01115_180Samples_20210508/Sample_R21039955-FV1-12-SampleB-2/R21039955-FV1-12-SampleB-2_combined_R1.fastq.gz,
FDUVAZ_FV1_12_SampleB_2_20210508_R2.fastq.gz,sequence_FDUVAZ_FV1_12_SampleB_2_20210508,VAZ_FDU_Join_Project,Unaligned Reads,RNA-seq,FASTQ,R21039955-FV1-12-SampleB-2_combined_R2.fastq.gz,3635894218 ,,oss://pgx-source-data/Quartet_VAZ_FDU_Joint_Project/RNA-Seq/Project_s187g01115_180Samples_20210508/Sample_R21039955-FV1-12-SampleB-2/R21039955-FV1-12-SampleB-2_combined_R2.fastq.gz,
FDUVAZ_FV1_18_SampleB_3_20210508_R1.fastq.gz,sequence_FDUVAZ_FV1_18_SampleB_3_20210508,VAZ_FDU_Join_Project,Unaligned Reads,RNA-seq,FASTQ,R21039961-FV1-18-SampleB-3_combined_R1.fastq.gz,3904770595 ,,oss://pgx-source-data/Quartet_VAZ_FDU_Joint_Project/RNA-Seq/Project_s187g01115_180Samples_20210508/Sample_R21039961-FV1-18-SampleB-3/R21039961-FV1-18-SampleB-3_combined_R1.fastq.gz,
FDUVAZ_FV1_18_SampleB_3_20210508_R2.fastq.gz,sequence_FDUVAZ_FV1_18_SampleB_3_20210508,VAZ_FDU_Join_Project,Unaligned Reads,RNA-seq,FASTQ,R21039961-FV1-18-SampleB-3_combined_R2.fastq.gz,4051822032 ,,oss://pgx-source-data/Quartet_VAZ_FDU_Joint_Project/RNA-Seq/Project_s187g01115_180Samples_20210508/Sample_R21039961-FV1-18-SampleB-3/R21039961-FV1-18-SampleB-3_combined_R2.fastq.gz,
FDUVAZ_FV2_6_SampleB_1_20210508_R1.fastq.gz,sequence_FDUVAZ_FV2_6_SampleB_1_20210508,VAZ_FDU_Join_Project,Unaligned Reads,RNA-seq,FASTQ,R21039968-FV2-6-SampleB-1_combined_R1.fastq.gz,3202758911 ,,oss://pgx-source-data/Quartet_VAZ_FDU_Joint_Project/RNA-Seq/Project_s187g01115_180Samples_20210508/Sample_R21039968-FV2-6-SampleB-1/R21039968-FV2-6-SampleB-1_combined_R1.fastq.gz,
FDUVAZ_FV2_6_SampleB_1_20210508_R2.fastq.gz,sequence_FDUVAZ_FV2_6_SampleB_1_20210508,VAZ_FDU_Join_Project,Unaligned Reads,RNA-seq,FASTQ,R21039968-FV2-6-SampleB-1_combined_R2.fastq.gz,3340527155 ,,oss://pgx-source-data/Quartet_VAZ_FDU_Joint_Project/RNA-Seq/Project_s187g01115_180Samples_20210508/Sample_R21039968-FV2-6-SampleB-1/R21039968-FV2-6-SampleB-1_combined_R2.fastq.gz,
FDUVAZ_FV2_12_SampleB_2_20210508_R1.fastq.gz,sequence_FDUVAZ_FV2_12_SampleB_2_20210508,VAZ_FDU_Join_Project,Unaligned Reads,RNA-seq,FASTQ,R21039974-FV2-12-SampleB-2_combined_R1.fastq.gz,2960814328 ,,oss://pgx-source-data/Quartet_VAZ_FDU_Joint_Project/RNA-Seq/Project_s187g01115_180Samples_20210508/Sample_R21039974-FV2-12-SampleB-2/R21039974-FV2-12-SampleB-2_combined_R1.fastq.gz,
FDUVAZ_FV2_12_SampleB_2_20210508_R2.fastq.gz,sequence_FDUVAZ_FV2_12_SampleB_2_20210508,VAZ_FDU_Join_Project,Unaligned Reads,RNA-seq,FASTQ,R21039974-FV2-12-SampleB-2_combined_R2.fastq.gz,3222388018 ,,oss://pgx-source-data/Quartet_VAZ_FDU_Joint_Project/RNA-Seq/Project_s187g01115_180Samples_20210508/Sample_R21039974-FV2-12-SampleB-2/R21039974-FV2-12-SampleB-2_combined_R2.fastq.gz,
FDUVAZ_FV2_18_SampleB_3_20210508_R1.fastq.gz,sequence_FDUVAZ_FV2_18_SampleB_3_20210508,VAZ_FDU_Join_Project,Unaligned Reads,RNA-seq,FASTQ,R21039980-FV2-18-SampleB-3_combined_R1.fastq.gz,3607778280 ,,oss://pgx-source-data/Quartet_VAZ_FDU_Joint_Project/RNA-Seq/Project_s187g01115_180Samples_20210508/Sample_R21039980-FV2-18-SampleB-3/R21039980-FV2-18-SampleB-3_combined_R1.fastq.gz,
FDUVAZ_FV2_18_SampleB_3_20210508_R2.fastq.gz,sequence_FDUVAZ_FV2_18_SampleB_3_20210508,VAZ_FDU_Join_Project,Unaligned Reads,RNA-seq,FASTQ,R21039980-FV2-18-SampleB-3_combined_R2.fastq.gz,3980807166 ,,oss://pgx-source-data/Quartet_VAZ_FDU_Joint_Project/RNA-Seq/Project_s187g01115_180Samples_20210508/Sample_R21039980-FV2-18-SampleB-3/R21039980-FV2-18-SampleB-3_combined_R2.fastq.gz,
FDUVAZ_FV3_6_SampleB_1_20210508_R1.fastq.gz,sequence_FDUVAZ_FV3_6_SampleB_1_20210508,VAZ_FDU_Join_Project,Unaligned Reads,RNA-seq,FASTQ,R21039987-FV3-6-SampleB-1_combined_R1.fastq.gz,2776454052 ,,oss://pgx-source-data/Quartet_VAZ_FDU_Joint_Project/RNA-Seq/Project_s187g01115_180Samples_20210508/Sample_R21039987-FV3-6-SampleB-1/R21039987-FV3-6-SampleB-1_combined_R1.fastq.gz,
FDUVAZ_FV3_6_SampleB_1_20210508_R2.fastq.gz,sequence_FDUVAZ_FV3_6_SampleB_1_20210508,VAZ_FDU_Join_Project,Unaligned Reads,RNA-seq,FASTQ,R21039987-FV3-6-SampleB-1_combined_R2.fastq.gz,2912398862 ,,oss://pgx-source-data/Quartet_VAZ_FDU_Joint_Project/RNA-Seq/Project_s187g01115_180Samples_20210508/Sample_R21039987-FV3-6-SampleB-1/R21039987-FV3-6-SampleB-1_combined_R2.fastq.gz,
FDUVAZ_FV3_12_SampleB_2_20210508_R1.fastq.gz,sequence_FDUVAZ_FV3_12_SampleB_2_20210508,VAZ_FDU_Join_Project,Unaligned Reads,RNA-seq,FASTQ,R21039993-FV3-12-SampleB-2_combined_R1.fastq.gz,3547402095 ,,oss://pgx-source-data/Quartet_VAZ_FDU_Joint_Project/RNA-Seq/Project_s187g01115_180Samples_20210508/Sample_R21039993-FV3-12-SampleB-2/R21039993-FV3-12-SampleB-2_combined_R1.fastq.gz,
FDUVAZ_FV3_12_SampleB_2_20210508_R2.fastq.gz,sequence_FDUVAZ_FV3_12_SampleB_2_20210508,VAZ_FDU_Join_Project,Unaligned Reads,RNA-seq,FASTQ,R21039993-FV3-12-SampleB-2_combined_R2.fastq.gz,3756998939 ,,oss://pgx-source-data/Quartet_VAZ_FDU_Joint_Project/RNA-Seq/Project_s187g01115_180Samples_20210508/Sample_R21039993-FV3-12-SampleB-2/R21039993-FV3-12-SampleB-2_combined_R2.fastq.gz,
FDUVAZ_FV3_18_SampleB_3_20210508_R1.fastq.gz,sequence_FDUVAZ_FV3_18_SampleB_3_20210508,VAZ_FDU_Join_Project,Unaligned Reads,RNA-seq,FASTQ,R21039999-FV3-18-SampleB-3_combined_R1.fastq.gz,2716544514 ,,oss://pgx-source-data/Quartet_VAZ_FDU_Joint_Project/RNA-Seq/Project_s187g01115_180Samples_20210508/Sample_R21039999-FV3-18-SampleB-3/R21039999-FV3-18-SampleB-3_combined_R1.fastq.gz,
FDUVAZ_FV3_18_SampleB_3_20210508_R2.fastq.gz,sequence_FDUVAZ_FV3_18_SampleB_3_20210508,VAZ_FDU_Join_Project,Unaligned Reads,RNA-seq,FASTQ,R21039999-FV3-18-SampleB-3_combined_R2.fastq.gz,2877972529 ,,oss://pgx-source-data/Quartet_VAZ_FDU_Joint_Project/RNA-Seq/Project_s187g01115_180Samples_20210508/Sample_R21039999-FV3-18-SampleB-3/R21039999-FV3-18-SampleB-3_combined_R2.fastq.gz,
FDUVAZ_FV4_6_SampleB_1_20210508_R1.fastq.gz,sequence_FDUVAZ_FV4_6_SampleB_1_20210508,VAZ_FDU_Join_Project,Unaligned Reads,RNA-seq,FASTQ,R21040006-FV4-6-SampleB-1_combined_R1.fastq.gz,3016474041 ,,oss://pgx-source-data/Quartet_VAZ_FDU_Joint_Project/RNA-Seq/Project_s187g01115_180Samples_20210508/Sample_R21040006-FV4-6-SampleB-1/R21040006-FV4-6-SampleB-1_combined_R1.fastq.gz,
FDUVAZ_FV4_6_SampleB_1_20210508_R2.fastq.gz,sequence_FDUVAZ_FV4_6_SampleB_1_20210508,VAZ_FDU_Join_Project,Unaligned Reads,RNA-seq,FASTQ,R21040006-FV4-6-SampleB-1_combined_R2.fastq.gz,3117129229 ,,oss://pgx-source-data/Quartet_VAZ_FDU_Joint_Project/RNA-Seq/Project_s187g01115_180Samples_20210508/Sample_R21040006-FV4-6-SampleB-1/R21040006-FV4-6-SampleB-1_combined_R2.fastq.gz,
FDUVAZ_FV4_12_SampleB_2_20210508_R1.fastq.gz,sequence_FDUVAZ_FV4_12_SampleB_2_20210508,VAZ_FDU_Join_Project,Unaligned Reads,RNA-seq,FASTQ,R21040012-FV4-12-SampleB-2_combined_R1.fastq.gz,2486466769 ,,oss://pgx-source-data/Quartet_VAZ_FDU_Joint_Project/RNA-Seq/Project_s187g01115_180Samples_20210508/Sample_R21040012-FV4-12-SampleB-2/R21040012-FV4-12-SampleB-2_combined_R1.fastq.gz,
FDUVAZ_FV4_12_SampleB_2_20210508_R2.fastq.gz,sequence_FDUVAZ_FV4_12_SampleB_2_20210508,VAZ_FDU_Join_Project,Unaligned Reads,RNA-seq,FASTQ,R21040012-FV4-12-SampleB-2_combined_R2.fastq.gz,2619591875 ,,oss://pgx-source-data/Quartet_VAZ_FDU_Joint_Project/RNA-Seq/Project_s187g01115_180Samples_20210508/Sample_R21040012-FV4-12-SampleB-2/R21040012-FV4-12-SampleB-2_combined_R2.fastq.gz,
FDUVAZ_FV4_18_SampleB_3_20210508_R1.fastq.gz,sequence_FDUVAZ_FV4_18_SampleB_3_20210508,VAZ_FDU_Join_Project,Unaligned Reads,RNA-seq,FASTQ,R21040018-FV4-18-SampleB-3_combined_R1.fastq.gz,2972026742 ,,oss://pgx-source-data/Quartet_VAZ_FDU_Joint_Project/RNA-Seq/Project_s187g01115_180Samples_20210508/Sample_R21040018-FV4-18-SampleB-3/R21040018-FV4-18-SampleB-3_combined_R1.fastq.gz,
FDUVAZ_FV4_18_SampleB_3_20210508_R2.fastq.gz,sequence_FDUVAZ_FV4_18_SampleB_3_20210508,VAZ_FDU_Join_Project,Unaligned Reads,RNA-seq,FASTQ,R21040018-FV4-18-SampleB-3_combined_R2.fastq.gz,3143606656 ,,oss://pgx-source-data/Quartet_VAZ_FDU_Joint_Project/RNA-Seq/Project_s187g01115_180Samples_20210508/Sample_R21040018-FV4-18-SampleB-3/R21040018-FV4-18-SampleB-3_combined_R2.fastq.gz,
FDUVAZ_FV5_6_SampleB_1_20210508_R1.fastq.gz,sequence_FDUVAZ_FV5_6_SampleB_1_20210508,VAZ_FDU_Join_Project,Unaligned Reads,RNA-seq,FASTQ,R21040025-FV5-6-SampleB-1_combined_R1.fastq.gz,3205313792 ,,oss://pgx-source-data/Quartet_VAZ_FDU_Joint_Project/RNA-Seq/Project_s187g01115_180Samples_20210508/Sample_R21040025-FV5-6-SampleB-1/R21040025-FV5-6-SampleB-1_combined_R1.fastq.gz,
FDUVAZ_FV5_6_SampleB_1_20210508_R2.fastq.gz,sequence_FDUVAZ_FV5_6_SampleB_1_20210508,VAZ_FDU_Join_Project,Unaligned Reads,RNA-seq,FASTQ,R21040025-FV5-6-SampleB-1_combined_R2.fastq.gz,3430727730 ,,oss://pgx-source-data/Quartet_VAZ_FDU_Joint_Project/RNA-Seq/Project_s187g01115_180Samples_20210508/Sample_R21040025-FV5-6-SampleB-1/R21040025-FV5-6-SampleB-1_combined_R2.fastq.gz,
FDUVAZ_FV5_12_SampleB_2_20210508_R1.fastq.gz,sequence_FDUVAZ_FV5_12_SampleB_2_20210508,VAZ_FDU_Join_Project,Unaligned Reads,RNA-seq,FASTQ,R21040031-FV5-12-SampleB-2_combined_R1.fastq.gz,3275540311 ,,oss://pgx-source-data/Quartet_VAZ_FDU_Joint_Project/RNA-Seq/Project_s187g01115_180Samples_20210508/Sample_R21040031-FV5-12-SampleB-2/R21040031-FV5-12-SampleB-2_combined_R1.fastq.gz,
FDUVAZ_FV5_12_SampleB_2_20210508_R2.fastq.gz,sequence_FDUVAZ_FV5_12_SampleB_2_20210508,VAZ_FDU_Join_Project,Unaligned Reads,RNA-seq,FASTQ,R21040031-FV5-12-SampleB-2_combined_R2.fastq.gz,3487684921 ,,oss://pgx-source-data/Quartet_VAZ_FDU_Joint_Project/RNA-Seq/Project_s187g01115_180Samples_20210508/Sample_R21040031-FV5-12-SampleB-2/R21040031-FV5-12-SampleB-2_combined_R2.fastq.gz,
FDUVAZ_FV5_18_SampleB_3_20210508_R1.fastq.gz,sequence_FDUVAZ_FV5_18_SampleB_3_20210508,VAZ_FDU_Join_Project,Unaligned Reads,RNA-seq,FASTQ,R21040037-FV5-18-SampleB-3_combined_R1.fastq.gz,2486208698 ,,oss://pgx-source-data/Quartet_VAZ_FDU_Joint_Project/RNA-Seq/Project_s187g01115_180Samples_20210508/Sample_R21040037-FV5-18-SampleB-3/R21040037-FV5-18-SampleB-3_combined_R1.fastq.gz,
FDUVAZ_FV5_18_SampleB_3_20210508_R2.fastq.gz,sequence_FDUVAZ_FV5_18_SampleB_3_20210508,VAZ_FDU_Join_Project,Unaligned Reads,RNA-seq,FASTQ,R21040037-FV5-18-SampleB-3_combined_R2.fastq.gz,2602015495 ,,oss://pgx-source-data/Quartet_VAZ_FDU_Joint_Project/RNA-Seq/Project_s187g01115_180Samples_20210508/Sample_R21040037-FV5-18-SampleB-3/R21040037-FV5-18-SampleB-3_combined_R2.fastq.gz,
FDUVAZ_VF1_6_SampleB_1_20210508_R1.fastq.gz,sequence_FDUVAZ_VF1_6_SampleB_1_20210508,VAZ_FDU_Join_Project,Unaligned Reads,RNA-seq,FASTQ,R21040044-VF1-6-SampleB-1_combined_R1.fastq.gz,2905659508 ,,oss://pgx-source-data/Quartet_VAZ_FDU_Joint_Project/RNA-Seq/Project_s187g01115_180Samples_20210508/Sample_R21040044-VF1-6-SampleB-1/R21040044-VF1-6-SampleB-1_combined_R1.fastq.gz,
FDUVAZ_VF1_6_SampleB_1_20210508_R2.fastq.gz,sequence_FDUVAZ_VF1_6_SampleB_1_20210508,VAZ_FDU_Join_Project,Unaligned Reads,RNA-seq,FASTQ,R21040044-VF1-6-SampleB-1_combined_R2.fastq.gz,3014166989 ,,oss://pgx-source-data/Quartet_VAZ_FDU_Joint_Project/RNA-Seq/Project_s187g01115_180Samples_20210508/Sample_R21040044-VF1-6-SampleB-1/R21040044-VF1-6-SampleB-1_combined_R2.fastq.gz,
FDUVAZ_VF1_12_SampleB_2_20210508_R1.fastq.gz,sequence_FDUVAZ_VF1_12_SampleB_2_20210508,VAZ_FDU_Join_Project,Unaligned Reads,RNA-seq,FASTQ,R21040050-VF1-12-SampleB-2_combined_R1.fastq.gz,3052841541 ,,oss://pgx-source-data/Quartet_VAZ_FDU_Joint_Project/RNA-Seq/Project_s187g01115_180Samples_20210508/Sample_R21040050-VF1-12-SampleB-2/R21040050-VF1-12-SampleB-2_combined_R1.fastq.gz,
FDUVAZ_VF1_12_SampleB_2_20210508_R2.fastq.gz,sequence_FDUVAZ_VF1_12_SampleB_2_20210508,VAZ_FDU_Join_Project,Unaligned Reads,RNA-seq,FASTQ,R21040050-VF1-12-SampleB-2_combined_R2.fastq.gz,3199262267 ,,oss://pgx-source-data/Quartet_VAZ_FDU_Joint_Project/RNA-Seq/Project_s187g01115_180Samples_20210508/Sample_R21040050-VF1-12-SampleB-2/R21040050-VF1-12-SampleB-2_combined_R2.fastq.gz,
FDUVAZ_VF1_18_SampleB_3_20210508_R1.fastq.gz,sequence_FDUVAZ_VF1_18_SampleB_3_20210508,VAZ_FDU_Join_Project,Unaligned Reads,RNA-seq,FASTQ,R21040056-VF1-18-SampleB-3_combined_R1.fastq.gz,3183588728 ,,oss://pgx-source-data/Quartet_VAZ_FDU_Joint_Project/RNA-Seq/Project_s187g01115_180Samples_20210508/Sample_R21040056-VF1-18-SampleB-3/R21040056-VF1-18-SampleB-3_combined_R1.fastq.gz,
FDUVAZ_VF1_18_SampleB_3_20210508_R2.fastq.gz,sequence_FDUVAZ_VF1_18_SampleB_3_20210508,VAZ_FDU_Join_Project,Unaligned Reads,RNA-seq,FASTQ,R21040056-VF1-18-SampleB-3_combined_R2.fastq.gz,3291374642 ,,oss://pgx-source-data/Quartet_VAZ_FDU_Joint_Project/RNA-Seq/Project_s187g01115_180Samples_20210508/Sample_R21040056-VF1-18-SampleB-3/R21040056-VF1-18-SampleB-3_combined_R2.fastq.gz,
FDUVAZ_VF2_6_SampleB_1_20210508_R1.fastq.gz,sequence_FDUVAZ_VF2_6_SampleB_1_20210508,VAZ_FDU_Join_Project,Unaligned Reads,RNA-seq,FASTQ,R21040063-VF2-6-SampleB-1_combined_R1.fastq.gz,3607457821 ,,oss://pgx-source-data/Quartet_VAZ_FDU_Joint_Project/RNA-Seq/Project_s187g01115_180Samples_20210508/Sample_R21040063-VF2-6-SampleB-1/R21040063-VF2-6-SampleB-1_combined_R1.fastq.gz,
FDUVAZ_VF2_6_SampleB_1_20210508_R2.fastq.gz,sequence_FDUVAZ_VF2_6_SampleB_1_20210508,VAZ_FDU_Join_Project,Unaligned Reads,RNA-seq,FASTQ,R21040063-VF2-6-SampleB-1_combined_R2.fastq.gz,3750099292 ,,oss://pgx-source-data/Quartet_VAZ_FDU_Joint_Project/RNA-Seq/Project_s187g01115_180Samples_20210508/Sample_R21040063-VF2-6-SampleB-1/R21040063-VF2-6-SampleB-1_combined_R2.fastq.gz,
FDUVAZ_VF2_12_SampleB_2_20210508_R1.fastq.gz,sequence_FDUVAZ_VF2_12_SampleB_2_20210508,VAZ_FDU_Join_Project,Unaligned Reads,RNA-seq,FASTQ,R21040069-VF2-12-SampleB-2_combined_R1.fastq.gz,3300418683 ,,oss://pgx-source-data/Quartet_VAZ_FDU_Joint_Project/RNA-Seq/Project_s187g01115_180Samples_20210508/Sample_R21040069-VF2-12-SampleB-2/R21040069-VF2-12-SampleB-2_combined_R1.fastq.gz,
FDUVAZ_VF2_12_SampleB_2_20210508_R2.fastq.gz,sequence_FDUVAZ_VF2_12_SampleB_2_20210508,VAZ_FDU_Join_Project,Unaligned Reads,RNA-seq,FASTQ,R21040069-VF2-12-SampleB-2_combined_R2.fastq.gz,3453583159 ,,oss://pgx-source-data/Quartet_VAZ_FDU_Joint_Project/RNA-Seq/Project_s187g01115_180Samples_20210508/Sample_R21040069-VF2-12-SampleB-2/R21040069-VF2-12-SampleB-2_combined_R2.fastq.gz,
FDUVAZ_VF2_18_SampleB_3_20210508_R1.fastq.gz,sequence_FDUVAZ_VF2_18_SampleB_3_20210508,VAZ_FDU_Join_Project,Unaligned Reads,RNA-seq,FASTQ,R21040075-VF2-18-SampleB-3_combined_R1.fastq.gz,2901625139 ,,oss://pgx-source-data/Quartet_VAZ_FDU_Joint_Project/RNA-Seq/Project_s187g01115_180Samples_20210508/Sample_R21040075-VF2-18-SampleB-3/R21040075-VF2-18-SampleB-3_combined_R1.fastq.gz,
FDUVAZ_VF2_18_SampleB_3_20210508_R2.fastq.gz,sequence_FDUVAZ_VF2_18_SampleB_3_20210508,VAZ_FDU_Join_Project,Unaligned Reads,RNA-seq,FASTQ,R21040075-VF2-18-SampleB-3_combined_R2.fastq.gz,3052355791 ,,oss://pgx-source-data/Quartet_VAZ_FDU_Joint_Project/RNA-Seq/Project_s187g01115_180Samples_20210508/Sample_R21040075-VF2-18-SampleB-3/R21040075-VF2-18-SampleB-3_combined_R2.fastq.gz,
FDUVAZ_VF3_6_SampleB_1_20210508_R1.fastq.gz,sequence_FDUVAZ_VF3_6_SampleB_1_20210508,VAZ_FDU_Join_Project,Unaligned Reads,RNA-seq,FASTQ,R21040082-VF3-6-SampleB-1_combined_R1.fastq.gz,2898891858 ,,oss://pgx-source-data/Quartet_VAZ_FDU_Joint_Project/RNA-Seq/Project_s187g01115_180Samples_20210508/Sample_R21040082-VF3-6-SampleB-1/R21040082-VF3-6-SampleB-1_combined_R1.fastq.gz,
FDUVAZ_VF3_6_SampleB_1_20210508_R2.fastq.gz,sequence_FDUVAZ_VF3_6_SampleB_1_20210508,VAZ_FDU_Join_Project,Unaligned Reads,RNA-seq,FASTQ,R21040082-VF3-6-SampleB-1_combined_R2.fastq.gz,3011096678 ,,oss://pgx-source-data/Quartet_VAZ_FDU_Joint_Project/RNA-Seq/Project_s187g01115_180Samples_20210508/Sample_R21040082-VF3-6-SampleB-1/R21040082-VF3-6-SampleB-1_combined_R2.fastq.gz,
FDUVAZ_VF3_12_SampleB_2_20210508_R1.fastq.gz,sequence_FDUVAZ_VF3_12_SampleB_2_20210508,VAZ_FDU_Join_Project,Unaligned Reads,RNA-seq,FASTQ,R21040088-VF3-12-SampleB-2_combined_R1.fastq.gz,4176655011 ,,oss://pgx-source-data/Quartet_VAZ_FDU_Joint_Project/RNA-Seq/Project_s187g01115_180Samples_20210508/Sample_R21040088-VF3-12-SampleB-2/R21040088-VF3-12-SampleB-2_combined_R1.fastq.gz,
FDUVAZ_VF3_12_SampleB_2_20210508_R2.fastq.gz,sequence_FDUVAZ_VF3_12_SampleB_2_20210508,VAZ_FDU_Join_Project,Unaligned Reads,RNA-seq,FASTQ,R21040088-VF3-12-SampleB-2_combined_R2.fastq.gz,4355988515 ,,oss://pgx-source-data/Quartet_VAZ_FDU_Joint_Project/RNA-Seq/Project_s187g01115_180Samples_20210508/Sample_R21040088-VF3-12-SampleB-2/R21040088-VF3-12-SampleB-2_combined_R2.fastq.gz,
FDUVAZ_VF3_18_SampleB_3_20210508_R1.fastq.gz,sequence_FDUVAZ_VF3_18_SampleB_3_20210508,VAZ_FDU_Join_Project,Unaligned Reads,RNA-seq,FASTQ,R21040094-VF3-18-SampleB-3_combined_R1.fastq.gz,3760447522 ,,oss://pgx-source-data/Quartet_VAZ_FDU_Joint_Project/RNA-Seq/Project_s187g01115_180Samples_20210508/Sample_R21040094-VF3-18-SampleB-3/R21040094-VF3-18-SampleB-3_combined_R1.fastq.gz,
FDUVAZ_VF3_18_SampleB_3_20210508_R2.fastq.gz,sequence_FDUVAZ_VF3_18_SampleB_3_20210508,VAZ_FDU_Join_Project,Unaligned Reads,RNA-seq,FASTQ,R21040094-VF3-18-SampleB-3_combined_R2.fastq.gz,3920683524 ,,oss://pgx-source-data/Quartet_VAZ_FDU_Joint_Project/RNA-Seq/Project_s187g01115_180Samples_20210508/Sample_R21040094-VF3-18-SampleB-3/R21040094-VF3-18-SampleB-3_combined_R2.fastq.gz,
FDUVAZ_VF4_6_SampleB_1_20210508_R1.fastq.gz,sequence_FDUVAZ_VF4_6_SampleB_1_20210508,VAZ_FDU_Join_Project,Unaligned Reads,RNA-seq,FASTQ,R21040101-VF4-6-SampleB-1_combined_R1.fastq.gz,3156921676 ,,oss://pgx-source-data/Quartet_VAZ_FDU_Joint_Project/RNA-Seq/Project_s187g01115_180Samples_20210508/Sample_R21040101-VF4-6-SampleB-1/R21040101-VF4-6-SampleB-1_combined_R1.fastq.gz,
FDUVAZ_VF4_6_SampleB_1_20210508_R2.fastq.gz,sequence_FDUVAZ_VF4_6_SampleB_1_20210508,VAZ_FDU_Join_Project,Unaligned Reads,RNA-seq,FASTQ,R21040101-VF4-6-SampleB-1_combined_R2.fastq.gz,3266417965 ,,oss://pgx-source-data/Quartet_VAZ_FDU_Joint_Project/RNA-Seq/Project_s187g01115_180Samples_20210508/Sample_R21040101-VF4-6-SampleB-1/R21040101-VF4-6-SampleB-1_combined_R2.fastq.gz,
FDUVAZ_VF4_12_SampleB_2_20210508_R1.fastq.gz,sequence_FDUVAZ_VF4_12_SampleB_2_20210508,VAZ_FDU_Join_Project,Unaligned Reads,RNA-seq,FASTQ,R21040107-VF4-12-SampleB-2_combined_R1.fastq.gz,2579307821 ,,oss://pgx-source-data/Quartet_VAZ_FDU_Joint_Project/RNA-Seq/Project_s187g01115_180Samples_20210508/Sample_R21040107-VF4-12-SampleB-2/R21040107-VF4-12-SampleB-2_combined_R1.fastq.gz,
FDUVAZ_VF4_12_SampleB_2_20210508_R2.fastq.gz,sequence_FDUVAZ_VF4_12_SampleB_2_20210508,VAZ_FDU_Join_Project,Unaligned Reads,RNA-seq,FASTQ,R21040107-VF4-12-SampleB-2_combined_R2.fastq.gz,2702391156 ,,oss://pgx-source-data/Quartet_VAZ_FDU_Joint_Project/RNA-Seq/Project_s187g01115_180Samples_20210508/Sample_R21040107-VF4-12-SampleB-2/R21040107-VF4-12-SampleB-2_combined_R2.fastq.gz,
FDUVAZ_VF4_18_SampleB_3_20210508_R1.fastq.gz,sequence_FDUVAZ_VF4_18_SampleB_3_20210508,VAZ_FDU_Join_Project,Unaligned Reads,RNA-seq,FASTQ,R21040113-VF4-18-SampleB-3_combined_R1.fastq.gz,3099692911 ,,oss://pgx-source-data/Quartet_VAZ_FDU_Joint_Project/RNA-Seq/Project_s187g01115_180Samples_20210508/Sample_R21040113-VF4-18-SampleB-3/R21040113-VF4-18-SampleB-3_combined_R1.fastq.gz,
FDUVAZ_VF4_18_SampleB_3_20210508_R2.fastq.gz,sequence_FDUVAZ_VF4_18_SampleB_3_20210508,VAZ_FDU_Join_Project,Unaligned Reads,RNA-seq,FASTQ,R21040113-VF4-18-SampleB-3_combined_R2.fastq.gz,3260101242 ,,oss://pgx-source-data/Quartet_VAZ_FDU_Joint_Project/RNA-Seq/Project_s187g01115_180Samples_20210508/Sample_R21040113-VF4-18-SampleB-3/R21040113-VF4-18-SampleB-3_combined_R2.fastq.gz,
FDUVAZ_VF5_6_SampleB_1_20210508_R1.fastq.gz,sequence_FDUVAZ_VF5_6_SampleB_1_20210508,VAZ_FDU_Join_Project,Unaligned Reads,RNA-seq,FASTQ,R21040120-VF5-6-SampleB-1_combined_R1.fastq.gz,2928662495 ,,oss://pgx-source-data/Quartet_VAZ_FDU_Joint_Project/RNA-Seq/Project_s187g01115_180Samples_20210508/Sample_R21040120-VF5-6-SampleB-1/R21040120-VF5-6-SampleB-1_combined_R1.fastq.gz,
FDUVAZ_VF5_6_SampleB_1_20210508_R2.fastq.gz,sequence_FDUVAZ_VF5_6_SampleB_1_20210508,VAZ_FDU_Join_Project,Unaligned Reads,RNA-seq,FASTQ,R21040120-VF5-6-SampleB-1_combined_R2.fastq.gz,3095528735 ,,oss://pgx-source-data/Quartet_VAZ_FDU_Joint_Project/RNA-Seq/Project_s187g01115_180Samples_20210508/Sample_R21040120-VF5-6-SampleB-1/R21040120-VF5-6-SampleB-1_combined_R2.fastq.gz,
FDUVAZ_VF5_12_SampleB_2_20210508_R1.fastq.gz,sequence_FDUVAZ_VF5_12_SampleB_2_20210508,VAZ_FDU_Join_Project,Unaligned Reads,RNA-seq,FASTQ,R21040126-VF5-12-SampleB-2_combined_R1.fastq.gz,2730062350 ,,oss://pgx-source-data/Quartet_VAZ_FDU_Joint_Project/RNA-Seq/Project_s187g01115_180Samples_20210508/Sample_R21040126-VF5-12-SampleB-2/R21040126-VF5-12-SampleB-2_combined_R1.fastq.gz,
FDUVAZ_VF5_12_SampleB_2_20210508_R2.fastq.gz,sequence_FDUVAZ_VF5_12_SampleB_2_20210508,VAZ_FDU_Join_Project,Unaligned Reads,RNA-seq,FASTQ,R21040126-VF5-12-SampleB-2_combined_R2.fastq.gz,2893548125 ,,oss://pgx-source-data/Quartet_VAZ_FDU_Joint_Project/RNA-Seq/Project_s187g01115_180Samples_20210508/Sample_R21040126-VF5-12-SampleB-2/R21040126-VF5-12-SampleB-2_combined_R2.fastq.gz,
FDUVAZ_VF5_18_SampleB_3_20210508_R1.fastq.gz,sequence_FDUVAZ_VF5_18_SampleB_3_20210508,VAZ_FDU_Join_Project,Unaligned Reads,RNA-seq,FASTQ,R21040132-VF5-18-SampleB-3_combined_R1.fastq.gz,2639685058 ,,oss://pgx-source-data/Quartet_VAZ_FDU_Joint_Project/RNA-Seq/Project_s187g01115_180Samples_20210508/Sample_R21040132-VF5-18-SampleB-3/R21040132-VF5-18-SampleB-3_combined_R1.fastq.gz,
FDUVAZ_VF5_18_SampleB_3_20210508_R2.fastq.gz,sequence_FDUVAZ_VF5_18_SampleB_3_20210508,VAZ_FDU_Join_Project,Unaligned Reads,RNA-seq,FASTQ,R21040132-VF5-18-SampleB-3_combined_R2.fastq.gz,2755309043 ,,oss://pgx-source-data/Quartet_VAZ_FDU_Joint_Project/RNA-Seq/Project_s187g01115_180Samples_20210508/Sample_R21040132-VF5-18-SampleB-3/R21040132-VF5-18-SampleB-3_combined_R2.fastq.gz,
Quartet_4family_SA_4_20201104_R1.fastq.gz,sequence_Quartet_4family_SA_4_20201104,Quartet_4family_RNA,Unaligned Reads,RNA-seq,FASTQ,R20059429-20201027-QC1-20201027-QC1_combined_R1.fastq.gz,3755037312 ,,oss://pgx-source-data/Quartet_4family_rawdata/Quartet_80sample_rawdata/Sample_R20059429-20201027-QC1-20201027-QC1/R20059429-20201027-QC1-20201027-QC1_combined_R1.fastq.gz,
Quartet_4family_SA_4_20201104_R2.fastq.gz,sequence_Quartet_4family_SA_4_20201104,Quartet_4family_RNA,Unaligned Reads,RNA-seq,FASTQ,R20059429-20201027-QC1-20201027-QC1_combined_R2.fastq.gz,3985952111 ,,oss://pgx-source-data/Quartet_4family_rawdata/Quartet_80sample_rawdata/Sample_R20059429-20201027-QC1-20201027-QC1/R20059429-20201027-QC1-20201027-QC1_combined_R2.fastq.gz,
Quartet_4family_SB_4_20201104_R1.fastq.gz,sequence_Quartet_4family_SB_4_20201104,Quartet_4family_RNA,Unaligned Reads,RNA-seq,FASTQ,R20059392-20201027-QC2-20201027-QC2_combined_R1.fastq.gz,2836727866 ,,oss://pgx-source-data/Quartet_4family_rawdata/Quartet_80sample_rawdata/Sample_R20059392-20201027-QC2-20201027-QC2/R20059392-20201027-QC2-20201027-QC2_combined_R1.fastq.gz,
Quartet_4family_SB_4_20201104_R2.fastq.gz,sequence_Quartet_4family_SB_4_20201104,Quartet_4family_RNA,Unaligned Reads,RNA-seq,FASTQ,R20059392-20201027-QC2-20201027-QC2_combined_R2.fastq.gz,3016024241 ,,oss://pgx-source-data/Quartet_4family_rawdata/Quartet_80sample_rawdata/Sample_R20059392-20201027-QC2-20201027-QC2/R20059392-20201027-QC2-20201027-QC2_combined_R2.fastq.gz,
